<?xml version="1.0" encoding="UTF-8"?>
<project-private xmlns="http://www.netbeans.org/ns/project-private/1">
    <editor-bookmarks xmlns="http://www.netbeans.org/ns/editor-bookmarks/2" lastBookmarkId="0"/>
    <open-files xmlns="http://www.netbeans.org/ns/projectui-open-files/2">
        <group>
            <file>file:/C:/Users/96654/OneDrive/Documents/Apple%20I%20Mission/Apple%20I%20Mission/src/Interface/Manager.java</file>
            <file>file:/C:/Users/96654/OneDrive/Documents/Apple%20I%20Mission/Apple%20I%20Mission/src/Interface/CashierManagerInterface.java</file>
            <file>file:/C:/Users/96654/OneDrive/Documents/Apple%20I%20Mission/Apple%20I%20Mission/src/Interface/Cashier.java</file>
            <file>file:/C:/Users/96654/OneDrive/Documents/Apple%20I%20Mission/Apple%20I%20Mission/src/Interface/CreateNew.java</file>
            <file>file:/C:/Users/96654/OneDrive/Documents/Apple%20I%20Mission/Apple%20I%20Mission/src/Interface/addProducts.java</file>
            <file>file:/C:/Users/96654/OneDrive/Documents/Apple%20I%20Mission/Apple%20I%20Mission/src/Interface/viewProduct.java</file>
        </group>
    </open-files>
</project-private>
